Date,Open,High,Low,Close,Volume
2024-09-27,13.36,13.39,12.74,12.84,"10,160,490"
2024-09-26,13.66,13.79,13.1,13.28,"9,942,657"
2024-09-25,13.38,13.68,13.3,13.35,"9,489,568"
2024-09-24,12.98,13.39,12.94,13.33,"14,273,590"
2024-09-23,12.54,12.75,12.37,12.72,"8,891,526"
2024-09-20,12.44,12.66,12.32,12.47,"19,941,350"
2024-09-19,12.65,12.79,12.41,12.53,"11,163,880"
2024-09-18,12.29,12.66,12.11,12.17,"11,079,470"
2024-09-17,11.86,12.31,11.7,12.25,"14,684,130"
2024-09-16,11.32,11.77,11.32,11.68,"11,636,460"
2024-09-13,11.43,11.52,11.04,11.35,"21,496,891"
2024-09-12,11.96,12.07,11.61,11.62,"11,672,270"
2024-09-11,11.22,11.97,11.07,11.95,"14,523,340"
2024-09-10,10.86,11.58,10.62,11.27,"15,124,050"
2024-09-09,11.08,11.18,10.72,10.8,"10,120,230"
2024-09-06,11.24,11.58,10.92,11.06,"9,280,513"
2024-09-05,11.26,11.89,11.16,11.25,"10,283,410"
2024-09-04,11.28,11.7,11.22,11.34,"6,694,050"
2024-09-03,11.65,11.87,11.26,11.35,"9,608,710"
2024-08-30,11.6,11.8,11.49,11.67,"8,450,131"
2024-08-29,11.55,11.69,11.34,11.55,"7,295,434"
2024-08-28,11.52,11.58,11.27,11.46,"8,257,560"
2024-08-27,11.76,11.76,11.48,11.62,"9,434,205"
2024-08-26,11.77,11.95,11.58,11.78,"11,430,650"
2024-08-23,11.54,11.76,11.24,11.68,"13,925,560"
2024-08-22,11.68,11.82,11.43,11.47,"9,458,588"
2024-08-21,11.45,11.77,11.22,11.69,"13,349,340"
2024-08-20,11.54,11.75,11.28,11.29,"13,298,150"
2024-08-19,11.24,11.88,11.19,11.6,"16,150,110"
2024-08-16,10.71,11.55,10.68,11.2,"18,794,980"
2024-08-15,10.37,10.86,10.33,10.81,"17,785,330"
2024-08-14,10.24,10.29,9.88,10.08,"10,306,800"
2024-08-13,9.74,10.08,9.68,10.06,"14,601,810"
2024-08-12,9.72,9.83,9.53,9.71,"13,006,340"
2024-08-09,10.06,10.17,9.56,9.76,"18,735,439"
2024-08-08,9.21,10.08,9.12,10.07,"27,856,289"
2024-08-07,9.25,9.8,8.93,9.08,"74,249,453"
2024-08-06,10.95,11.17,10.57,10.97,"27,961,609"
2024-08-05,9.94,10.72,9.81,10.57,"18,485,910"
2024-08-02,11.01,11.1,10.61,10.92,"16,353,570"
2024-08-01,12.05,12.16,11.33,11.42,"13,654,520"
2024-07-31,12.13,12.38,11.97,12.05,"11,953,340"
2024-07-30,12.13,12.24,11.79,11.94,"10,487,570"
2024-07-29,12.29,12.44,12.06,12.1,"8,934,057"
2024-07-26,12.43,12.57,12.16,12.23,"10,392,410"
2024-07-25,12.3,13.3,11.97,12.21,"23,999,510"
2024-07-24,12.35,12.47,11.92,12.38,"22,236,170"
2024-07-23,12.45,12.76,12.45,12.59,"8,029,888"
2024-07-22,12.43,12.56,12.23,12.48,"12,417,070"
2024-07-19,12.41,12.54,12.32,12.34,"10,325,920"
2024-07-18,12.68,12.9,12.37,12.43,"13,422,420"
2024-07-17,13.1,13.27,12.58,12.73,"18,538,609"
2024-07-16,13.14,13.54,13.09,13.38,"10,881,550"
2024-07-15,13.34,13.34,12.84,13.08,"11,629,700"
2024-07-12,13.45,13.6,13.08,13.11,"12,588,800"
2024-07-11,13.17,13.95,13.03,13.53,"22,282,971"
2024-07-10,13.52,13.61,12.74,12.93,"17,688,609"
2024-07-09,13.47,13.57,13.31,13.43,"10,003,400"
2024-07-08,13.43,13.56,13.23,13.48,"10,970,470"
2024-07-05,13.37,13.47,13.17,13.33,"9,552,776"
2024-07-03,13.41,13.63,13.31,13.39,"8,766,675"
2024-07-02,13.98,14.04,13.39,13.4,"17,359,090"
2024-07-01,14.11,14.16,13.54,13.97,"8,692,440"
2024-06-28,13.47,14.21,13.41,14.1,"18,124,211"
2024-06-27,13.34,13.49,13.28,13.39,"7,552,860"
2024-06-26,13.36,13.62,13.29,13.33,"8,370,590"
2024-06-25,13.55,13.9,13.27,13.47,"12,923,840"
2024-06-24,13.42,13.75,13.42,13.58,"10,369,140"
2024-06-21,13.79,13.79,13.19,13.45,"17,343,650"
2024-06-20,13.77,13.94,13.7,13.75,"8,830,469"
2024-06-18,14.08,14.21,13.72,13.78,"9,792,512"
2024-06-17,14.07,14.29,13.79,14.08,"14,618,380"
2024-06-14,14.36,14.51,14.03,14.17,"16,914,199"
2024-06-13,15.59,15.65,14.46,14.48,"13,430,050"
2024-06-12,15.0,15.96,14.99,15.54,"20,472,430"
2024-06-11,15.04,15.08,14.6,14.61,"13,986,480"
2024-06-10,15.48,15.63,14.34,15.08,"23,846,561"
2024-06-07,16.15,16.81,15.56,15.6,"33,498,129"
2024-06-06,16.85,17.29,15.64,15.69,"40,489,688"
2024-06-05,15.41,15.59,15.27,15.53,"11,451,480"
2024-06-04,15.79,15.94,15.04,15.27,"11,835,690"
2024-06-03,15.82,15.94,15.54,15.8,"8,784,850"
2024-05-31,15.93,16.09,15.39,15.61,"8,405,481"
2024-05-30,15.76,16.08,15.65,15.76,"6,546,366"
2024-05-29,15.41,16.06,15.27,15.92,"9,988,580"
2024-05-28,15.81,15.87,15.49,15.68,"6,993,502"
2024-05-24,15.68,15.94,15.56,15.64,"5,559,985"
2024-05-23,16.2,16.21,15.32,15.43,"12,570,550"
2024-05-22,16.29,16.8,15.99,16.11,"13,378,330"
2024-05-21,15.99,16.19,15.8,16.01,"9,006,437"
2024-05-20,16.63,16.73,15.68,16.07,"17,418,131"
2024-05-17,16.9,17.11,16.54,16.62,"11,939,350"
2024-05-16,17.08,17.32,16.9,16.95,"7,850,868"
2024-05-15,17.37,17.68,16.65,17.08,"11,143,970"
2024-05-14,17.26,17.35,16.75,17.04,"8,907,968"
2024-05-13,17.4,17.49,16.75,17.08,"11,195,760"
2024-05-10,17.33,17.37,16.96,17.18,"10,262,260"
2024-05-09,17.8,17.89,17.11,17.24,"12,963,470"
2024-05-08,17.42,18.4,17.16,17.78,"38,982,102"
2024-05-07,17.43,17.43,16.45,16.6,"27,084,400"
2024-05-06,17.55,17.65,17.14,17.52,"13,073,290"
2024-05-03,17.34,17.73,17.12,17.2,"16,009,660"
2024-05-02,16.25,16.88,16.01,16.84,"13,029,050"
2024-05-01,15.59,16.44,15.48,15.86,"17,958,660"
2024-04-30,16.13,16.4,15.6,15.64,"8,774,426"
2024-04-29,16.22,16.48,15.86,16.3,"9,286,563"
2024-04-26,16.06,16.45,15.91,16.37,"8,360,518"
2024-04-25,15.93,16.26,15.74,16.07,"10,612,880"
2024-04-24,16.5,16.83,15.78,16.34,"17,275,449"
2024-04-23,16.77,17.22,16.72,16.92,"9,587,025"
2024-04-22,16.32,16.88,16.11,16.73,"13,373,760"
2024-04-19,16.6,16.81,16.06,16.15,"13,290,370"
2024-04-18,17.43,17.45,16.67,16.71,"12,133,800"
2024-04-17,18.25,18.75,17.22,17.31,"12,941,870"
2024-04-16,17.87,18.59,17.67,18.27,"8,023,920"
2024-04-15,19.09,19.34,17.94,17.98,"8,789,491"
2024-04-12,19.36,19.47,18.64,18.76,"7,519,680"
2024-04-11,18.58,19.55,18.58,19.52,"13,939,300"
2024-04-10,18.03,18.59,17.98,18.4,"10,059,850"
2024-04-09,17.94,18.78,17.9,18.51,"12,166,780"
2024-04-08,18.0,18.25,17.62,17.83,"9,446,862"
2024-04-05,17.53,18.21,17.4,17.84,"13,696,080"
2024-04-04,18.59,18.74,17.24,17.42,"13,783,080"
2024-04-03,18.31,18.55,17.67,18.28,"13,507,610"
2024-04-02,18.7,18.82,18.25,18.58,"14,593,560"
2024-04-01,19.37,19.64,19.08,19.24,"14,813,620"
2024-03-28,19.51,19.69,19.07,19.35,"8,412,216"
2024-03-27,19.93,19.96,18.56,19.48,"18,155,100"
2024-03-26,19.8,20.37,19.57,19.63,"9,427,394"
2024-03-25,20.24,20.4,19.5,19.52,"9,684,262"
2024-03-22,20.21,20.67,19.83,20.16,"14,519,020"
2024-03-21,19.42,20.82,19.39,20.28,"26,211,670"
2024-03-20,18.18,19.29,18.07,19.2,"16,033,790"
2024-03-19,17.67,18.18,17.31,18.16,"12,300,860"
2024-03-18,17.45,18.04,17.2,17.95,"14,484,150"
2024-03-15,17.7,17.84,17.18,17.23,"12,432,110"
2024-03-14,18.64,18.89,17.58,17.81,"11,401,930"
2024-03-13,17.69,18.48,17.6,18.26,"11,757,500"
2024-03-12,17.8,17.86,17.37,17.7,"13,949,710"
2024-03-11,18.26,18.28,17.55,17.8,"11,269,600"
2024-03-08,18.3,19.12,17.94,18.31,"16,400,070"
2024-03-07,18.44,18.54,18.0,18.05,"14,185,090"
2024-03-06,17.21,18.62,17.1,18.3,"27,840,400"
2024-03-05,17.15,17.22,16.5,16.86,"16,948,770"
2024-03-04,17.35,17.63,16.9,17.08,"20,048,779"
2024-03-01,15.89,16.53,15.71,16.35,"18,032,609"
2024-02-29,15.81,15.97,15.39,15.88,"14,520,730"
2024-02-28,16.42,16.42,15.65,15.69,"16,450,939"
2024-02-27,15.97,17.37,15.97,16.66,"22,994,020"
2024-02-26,16.0,16.34,15.81,15.95,"12,611,180"
2024-02-23,15.93,16.43,15.5,16.01,"28,939,760"
2024-02-22,16.27,16.95,15.78,15.91,"23,063,619"
2024-02-21,16.46,16.7,15.96,16.13,"21,191,760"
2024-02-20,17.66,17.91,16.31,16.73,"27,404,020"
2024-02-16,18.86,19.29,17.75,17.91,"37,643,953"
2024-02-15,16.59,19.43,16.43,19.03,"91,229,875"
2024-02-14,14.98,16.77,14.9,16.39,"109,310,602"
2024-02-13,11.97,12.21,11.69,12.13,"67,047,758"
2024-02-12,13.05,13.16,12.38,12.4,"18,308,551"
2024-02-09,12.82,13.37,12.68,13.03,"12,785,240"
2024-02-08,12.44,12.83,12.29,12.78,"9,891,803"
2024-02-07,13.17,13.28,12.4,12.45,"14,073,390"
2024-02-06,12.63,13.46,12.58,13.22,"16,497,279"
2024-02-05,12.67,12.79,12.41,12.59,"7,930,432"
2024-02-02,12.72,12.88,12.4,12.75,"8,612,738"
2024-02-01,12.65,12.89,12.41,12.89,"9,338,844"
2024-01-31,12.61,13.09,12.39,12.49,"9,640,888"
2024-01-30,12.95,13.06,12.59,12.69,"8,477,141"
2024-01-29,12.59,13.09,12.5,13.08,"7,601,523"
2024-01-26,12.58,12.76,12.51,12.6,"8,228,595"
2024-01-25,12.5,12.65,12.32,12.57,"7,472,387"
2024-01-24,12.87,12.91,12.42,12.46,"6,372,478"
2024-01-23,12.94,12.95,12.56,12.71,"7,833,927"
2024-01-22,12.82,13.26,12.55,12.76,"9,181,141"
2024-01-19,12.81,12.81,12.37,12.65,"10,402,180"
2024-01-18,12.92,12.99,12.48,12.76,"8,724,954"
2024-01-17,12.37,12.72,12.27,12.71,"9,061,405"
2024-01-16,12.78,12.81,12.42,12.5,"12,078,550"
2024-01-12,13.42,13.48,12.76,12.88,"12,408,980"
2024-01-11,12.99,13.32,12.67,13.3,"13,161,810"
2024-01-10,13.48,13.59,13.12,13.34,"8,760,912"
2024-01-09,13.24,13.83,13.21,13.49,"11,926,350"
2024-01-08,12.83,13.63,12.77,13.55,"13,806,760"
2024-01-05,12.87,13.11,12.79,12.81,"11,413,680"
2024-01-04,13.17,13.48,12.95,12.99,"11,532,070"
2024-01-03,13.41,13.74,13.18,13.25,"15,279,900"
2024-01-02,14.76,14.81,13.62,13.8,"19,332,801"
2023-12-29,14.9,15.25,14.73,14.99,"14,032,370"
2023-12-28,15.14,15.66,15.09,15.54,"9,131,393"
2023-12-27,15.39,15.53,15.19,15.22,"9,892,141"
2023-12-26,15.41,15.43,15.17,15.32,"5,878,345"
2023-12-22,15.71,15.71,15.14,15.35,"12,775,060"
2023-12-21,15.42,15.6,15.23,15.59,"13,253,710"
2023-12-20,14.92,15.77,14.76,15.06,"17,712,900"
2023-12-19,15.08,15.31,14.31,15.07,"26,826,391"
2023-12-18,15.51,15.95,15.34,15.64,"12,992,860"
2023-12-15,15.29,15.75,15.08,15.55,"18,956,420"
2023-12-14,15.0,15.42,14.77,15.23,"20,155,820"
2023-12-13,14.01,14.75,13.88,14.67,"21,476,051"
2023-12-12,14.28,14.71,13.87,13.97,"21,491,150"
2023-12-11,13.21,14.42,13.11,14.36,"25,367,551"
2023-12-08,12.31,13.27,12.27,13.21,"22,655,920"
2023-12-07,12.36,12.51,11.93,12.43,"12,946,420"
2023-12-06,12.47,12.51,12.12,12.21,"13,831,070"
2023-12-05,12.55,12.77,12.21,12.24,"16,073,120"
2023-12-04,12.84,13.25,12.63,12.66,"18,518,891"
2023-12-01,11.76,13.38,11.57,13.14,"32,275,619"
2023-11-30,11.79,11.82,11.43,11.73,"15,116,180"
2023-11-29,11.4,12.04,11.36,11.63,"25,543,180"
2023-11-28,10.22,11.3,10.2,11.26,"28,947,779"
2023-11-27,10.21,10.34,10.1,10.25,"14,322,720"
2023-11-24,10.27,10.33,9.93,10.27,"6,774,319"
2023-11-22,10.45,10.59,10.27,10.29,"11,184,140"
2023-11-21,10.3,10.4,10.15,10.38,"12,037,790"
2023-11-20,10.5,10.55,10.08,10.39,"26,727,510"
2023-11-17,10.41,10.75,10.27,10.58,"10,391,040"
2023-11-16,10.79,10.81,10.25,10.4,"12,758,170"
2023-11-15,10.52,11.09,10.52,10.86,"15,184,700"
2023-11-14,10.16,10.74,10.15,10.51,"22,848,010"
2023-11-13,10.13,10.35,9.69,9.77,"20,454,590"
2023-11-10,10.2,10.75,10.15,10.26,"21,106,811"
2023-11-09,10.4,10.89,9.94,10.08,"24,914,891"
2023-11-08,10.74,10.95,10.62,10.72,"20,807,330"
2023-11-07,10.59,10.87,10.32,10.83,"16,993,180"
2023-11-06,10.71,10.76,10.27,10.53,"13,069,720"
2023-11-03,10.12,10.74,10.11,10.66,"16,506,590"
2023-11-02,9.57,10.04,9.54,9.94,"20,876,051"
2023-11-01,9.17,9.28,8.85,9.17,"13,732,690"
2023-10-31,8.98,9.49,8.94,9.17,"14,334,500"
2023-10-30,9.4,9.54,9.29,9.43,"7,443,330"
2023-10-27,9.58,9.7,9.25,9.26,"10,621,910"
2023-10-26,9.8,9.81,9.24,9.43,"13,327,850"
2023-10-25,10.2,10.25,9.73,9.79,"13,451,720"
2023-10-24,10.15,10.39,10.01,10.33,"10,083,340"
2023-10-23,9.95,10.36,9.8,9.99,"9,408,350"
2023-10-20,10.05,10.26,9.83,10.1,"14,270,130"
2023-10-19,10.38,10.55,10.09,10.09,"12,655,180"
2023-10-18,10.74,10.78,10.18,10.31,"12,404,930"
2023-10-17,10.42,10.93,10.4,10.82,"11,534,170"
2023-10-16,10.02,10.62,10.02,10.54,"11,836,120"
2023-10-13,10.62,10.83,10.03,10.07,"11,483,740"
2023-10-12,11.37,11.37,10.61,10.66,"12,424,570"
2023-10-11,11.24,11.68,11.18,11.37,"7,991,813"
2023-10-10,11.09,11.53,11.09,11.18,"9,438,766"
2023-10-09,10.81,11.11,10.75,10.99,"8,656,355"
2023-10-06,10.17,11.15,10.15,11.09,"14,038,820"
2023-10-05,10.24,10.35,9.97,10.25,"6,648,667"
2023-10-04,10.13,10.25,9.95,10.22,"7,355,477"
2023-10-03,10.41,10.62,9.99,10.07,"7,227,460"
2023-10-02,10.51,10.65,10.38,10.51,"5,391,724"
2023-09-29,10.68,10.84,10.4,10.54,"8,461,056"
2023-09-28,10.32,10.59,10.17,10.51,"9,141,791"
2023-09-27,9.95,10.44,9.95,10.32,"15,807,770"
2023-09-27,9.95,10.44,9.95,10.32,"15,807,770"
2023-09-26,9.77,10.15,9.73,9.92,"14,620,940"
2023-09-25,9.86,9.99,9.72,9.78,"11,326,300"
2023-09-22,10.45,10.49,9.91,9.94,"10,951,100"
2023-09-21,10.58,10.64,10.31,10.33,"9,537,281"
2023-09-20,11.3,11.3,10.66,10.68,"9,780,195"
2023-09-19,10.83,11.22,10.63,11.19,"8,824,693"
2023-09-18,11.05,11.14,10.82,10.83,"10,259,200"
2023-09-15,11.24,11.43,11.18,11.28,"9,562,798"
2023-09-14,11.47,11.56,11.27,11.34,"8,667,070"
2023-09-13,11.45,11.54,11.22,11.27,"7,178,514"
2023-09-12,11.27,11.66,11.2,11.42,"8,310,986"
2023-09-11,10.99,11.38,10.96,11.33,"9,992,405"
2023-09-08,10.71,10.93,10.62,10.82,"9,633,239"
2023-09-07,10.78,10.87,10.56,10.79,"12,501,020"
2023-09-06,11.72,11.92,10.93,10.97,"16,398,480"
2023-09-05,12.21,12.42,11.78,11.84,"14,102,970"
2023-09-01,11.91,12.45,11.9,12.34,"16,259,890"
2023-08-31,11.69,11.9,11.52,11.78,"13,599,070"
2023-08-30,10.95,11.75,10.91,11.68,"26,174,529"
2023-08-29,10.26,10.77,10.19,10.77,"10,616,620"
2023-08-28,10.25,10.37,10.22,10.28,"9,898,721"
2023-08-25,10.55,10.59,10.14,10.22,"16,291,490"
2023-08-24,10.74,10.91,10.54,10.58,"13,467,050"
2023-08-23,10.67,10.82,10.64,10.72,"11,402,950"
2023-08-22,11.19,11.39,10.8,10.81,"10,796,110"
2023-08-21,11.15,11.21,10.75,11.1,"13,926,720"
2023-08-18,10.85,11.26,10.73,11.13,"10,840,040"
2023-08-17,11.41,11.58,11.01,11.06,"10,242,300"
2023-08-16,12.05,12.27,11.34,11.36,"13,707,760"
2023-08-15,12.03,12.51,11.87,12.08,"25,566,539"
2023-08-14,11.42,11.77,11.32,11.64,"18,108,391"
2023-08-11,10.86,11.47,10.72,11.38,"20,201,461"
2023-08-10,10.49,11.18,10.33,11.04,"25,048,199"
2023-08-09,10.97,11.52,10.38,10.4,"43,166,594"
2023-08-08,10.73,11.61,10.71,11.56,"37,913,832"
2023-08-07,10.85,11.06,10.67,10.97,"14,484,320"
2023-08-04,11.53,11.69,10.79,10.85,"15,676,050"
2023-08-03,11.59,11.8,11.49,11.51,"10,707,600"
2023-08-02,11.98,12.4,11.64,11.71,"13,357,520"
2023-08-01,12.37,12.54,11.75,12.23,"18,105,340"
2023-07-31,12.52,12.78,12.37,12.71,"15,027,560"
2023-07-28,12.16,12.52,12.07,12.48,"15,685,140"
2023-07-27,12.37,12.79,11.9,11.95,"20,057,189"
2023-07-26,11.55,12.22,11.45,12.2,"12,987,320"
2023-07-25,11.78,11.9,11.52,11.56,"12,431,480"
2023-07-24,11.5,11.72,11.39,11.67,"9,220,035"
2023-07-21,11.47,11.56,11.12,11.42,"12,785,900"
2023-07-20,11.93,11.98,11.27,11.42,"16,709,279"
2023-07-19,11.98,12.49,11.85,12.18,"16,739,570"
2023-07-18,11.54,11.82,11.49,11.77,"9,580,351"
2023-07-17,11.3,11.64,11.26,11.48,"8,774,152"
2023-07-14,11.58,11.79,11.15,11.3,"9,792,415"
2023-07-13,11.52,11.65,11.22,11.55,"12,634,090"
2023-07-12,11.81,11.97,11.39,11.44,"15,606,340"
2023-07-11,11.04,11.99,11.03,11.55,"22,134,529"
2023-07-10,10.08,11.3,10.04,11.02,"27,956,930"
2023-07-07,9.54,10.21,9.53,10.11,"18,375,369"
2023-07-06,10.02,10.04,9.44,9.56,"17,147,840"
2023-07-05,10.02,10.23,10.0,10.19,"10,029,390"
2023-07-03,9.63,10.17,9.62,10.14,"10,039,410"
2023-06-30,9.97,10.1,9.57,9.59,"18,551,109"
2023-06-29,10.34,10.56,9.71,9.84,"22,497,449"
2023-06-28,9.86,10.46,9.85,10.45,"17,942,080"
2023-06-27,10.04,10.15,9.81,9.85,"10,373,600"
2023-06-26,10.08,10.33,9.92,9.94,"8,581,838"
2023-06-23,10.17,10.31,9.94,10.1,"13,068,680"
2023-06-22,9.69,10.36,9.63,10.3,"15,307,100"
2023-06-21,9.73,9.89,9.44,9.72,"11,958,260"
2023-06-20,10.23,10.31,9.71,9.75,"18,006,250"
2023-06-16,10.58,10.61,10.23,10.26,"14,378,530"
2023-06-15,10.24,10.79,10.18,10.55,"17,685,920"
2023-06-14,10.73,10.82,10.23,10.39,"12,428,930"
2023-06-13,10.63,10.92,10.5,10.69,"10,709,460"
2023-06-12,10.53,10.77,10.44,10.45,"10,003,670"
2023-06-09,10.66,11.08,10.42,10.45,"11,459,880"
2023-06-08,10.3,10.65,10.17,10.6,"11,407,340"
2023-06-07,10.42,10.69,10.17,10.3,"12,658,710"
2023-06-06,9.71,10.49,9.66,10.34,"19,310,301"
2023-06-05,9.56,9.86,9.44,9.72,"11,619,150"
2023-06-02,9.53,9.66,9.26,9.58,"15,942,410"
2023-06-01,8.99,9.55,8.94,9.36,"15,488,080"
2023-05-31,8.82,9.09,8.73,9.02,"15,241,480"
2023-05-30,8.5,8.97,8.36,8.93,"24,200,760"
2023-05-26,8.12,8.44,8.12,8.38,"14,024,520"
2023-05-25,8.03,8.2,7.91,8.14,"17,311,289"
2023-05-24,8.06,8.15,7.85,7.99,"16,202,330"
2023-05-23,8.07,8.38,8.04,8.11,"17,962,301"
2023-05-22,8.11,8.35,7.97,8.1,"25,329,279"
2023-05-19,8.37,8.37,8.05,8.11,"15,458,410"
2023-05-18,8.37,8.45,8.18,8.34,"13,832,160"
2023-05-17,8.25,8.4,8.18,8.36,"15,696,930"
2023-05-16,8.46,8.6,8.2,8.24,"14,282,690"
2023-05-15,8.1,8.65,8.08,8.54,"16,363,870"
2023-05-12,8.44,8.57,8.06,8.19,"26,503,670"
2023-05-11,8.85,8.87,8.39,8.41,"13,736,210"
2023-05-10,8.72,8.88,8.48,8.86,"18,792,740"
2023-05-09,8.47,8.67,8.4,8.62,"16,335,570"
2023-05-08,8.59,8.63,8.36,8.54,"28,005,570"
2023-05-05,9.07,9.08,8.33,8.63,"82,612,688"
2023-05-04,10.78,10.89,10.44,10.69,"29,406,850"
2023-05-03,10.6,11.24,10.48,10.89,"19,683,600"
2023-05-02,10.71,10.9,10.26,10.64,"30,958,150"
2023-05-01,10.27,10.96,9.98,10.59,"28,061,221"
2023-04-28,10.18,10.66,10.11,10.25,"15,748,010"
2023-04-27,10.21,10.24,9.87,10.2,"11,684,830"
2023-04-26,10.07,10.36,10.01,10.05,"10,276,430"
2023-04-25,10.2,10.43,9.94,9.96,"17,607,949"
2023-04-24,10.4,10.61,10.02,10.22,"15,187,450"
2023-04-21,9.85,10.52,9.57,10.44,"46,675,512"
2023-04-20,10.09,10.21,9.75,9.84,"15,183,720"
2023-04-19,10.17,10.41,9.9,10.27,"13,434,030"
2023-04-18,10.54,10.55,10.13,10.31,"12,387,730"
2023-04-17,10.21,10.48,10.15,10.45,"13,894,080"
2023-04-14,10.03,10.26,9.75,10.17,"13,299,410"
2023-04-13,9.91,10.07,9.83,10.0,"9,639,647"
2023-04-12,10.41,10.49,9.75,9.78,"15,528,560"
2023-04-11,10.0,10.37,9.96,10.35,"15,286,230"
2023-04-10,9.31,9.99,9.19,9.91,"16,390,510"
2023-04-06,9.45,9.61,9.21,9.43,"11,325,830"
2023-04-05,9.41,9.57,9.1,9.38,"15,603,850"
2023-04-04,9.11,9.59,9.03,9.55,"17,606,400"
2023-04-03,9.19,9.41,9.05,9.07,"14,578,190"
2023-03-31,9.07,9.37,9.03,9.27,"14,839,620"
2023-03-30,9.09,9.34,9.0,9.1,"20,019,211"
2023-03-29,8.98,9.13,8.6,8.98,"34,720,480"
2023-03-28,10.12,10.37,8.85,8.87,"50,052,488"
2023-03-27,10.0,10.05,9.41,9.6,"12,934,700"
2023-03-24,9.85,10.03,9.72,9.87,"13,162,560"
2023-03-23,10.14,10.27,9.61,9.83,"10,429,260"
2023-03-22,10.5,10.53,9.95,9.96,"11,948,210"
2023-03-21,10.1,10.5,10.01,10.46,"14,821,480"
2023-03-20,9.93,10.46,9.78,9.93,"25,829,359"
2023-03-17,9.57,10.12,9.47,10.06,"27,384,949"
2023-03-16,8.89,9.66,8.84,9.6,"28,609,480"
2023-03-15,8.28,9.13,8.21,8.99,"25,014,750"
2023-03-14,9.08,9.28,8.48,8.51,"27,042,801"
2023-03-13,8.54,8.62,8.19,8.46,"16,899,070"
2023-03-10,8.88,8.9,8.46,8.71,"21,511,721"
2023-03-09,9.83,9.86,8.9,8.92,"26,556,080"
2023-03-08,9.88,9.89,9.7,9.8,"13,763,900"
2023-03-07,9.75,10.02,9.6,9.88,"15,170,330"
2023-03-06,10.16,10.22,9.72,9.75,"14,274,860"
2023-03-03,9.88,10.13,9.84,10.12,"18,169,039"
2023-03-02,9.75,9.86,9.52,9.78,"14,709,740"
2023-03-01,10.06,10.13,9.83,9.9,"13,376,050"
2023-02-28,9.96,10.19,9.92,10.0,"17,437,750"
2023-02-27,10.27,10.31,9.93,10.0,"20,278,301"
2023-02-24,10.33,10.39,10.08,10.2,"18,861,250"
2023-02-23,10.84,10.87,10.46,10.57,"16,384,609"
2023-02-22,10.68,11.1,10.66,10.75,"14,045,810"
2023-02-21,11.03,11.06,10.54,10.69,"22,151,801"
2023-02-17,10.88,11.36,10.83,11.28,"22,224,221"
2023-02-16,11.33,11.57,10.98,10.99,"22,914,119"
2023-02-15,10.63,11.76,10.63,11.5,"40,792,078"
2023-02-14,10.16,10.82,10.06,10.76,"32,194,949"
2023-02-13,10.3,10.57,10.08,10.46,"46,640,121"
2023-02-10,11.15,11.22,10.23,10.31,"146,014,594"
2023-02-09,17.08,17.3,15.99,16.22,"44,423,301"
2023-02-08,18.28,18.36,16.66,16.75,"22,771,090"
2023-02-07,17.35,18.01,17.06,17.93,"15,692,750"
2023-02-06,16.83,17.55,16.67,17.35,"13,691,490"
2023-02-03,16.91,17.63,16.76,17.38,"12,202,250"
2023-02-02,17.22,17.57,16.97,17.55,"17,475,039"
2023-02-01,16.24,17.24,16.16,16.9,"12,936,480"
2023-01-31,15.69,16.53,15.69,16.25,"10,345,300"
2023-01-30,15.59,16.01,15.47,15.55,"10,076,040"
2023-01-27,15.23,16.47,15.18,16.18,"12,648,230"
2023-01-26,16.15,16.3,15.21,15.36,"15,724,960"
2023-01-25,14.94,15.88,14.65,15.86,"16,116,160"
2023-01-24,16.11,16.13,15.29,15.3,"18,609,400"
2023-01-23,15.48,15.74,15.08,15.41,"14,384,720"
2023-01-20,14.44,15.46,14.4,15.4,"16,875,869"
2023-01-19,14.15,14.49,13.84,14.21,"11,483,930"
2023-01-18,14.69,14.87,14.14,14.35,"15,556,010"
2023-01-17,14.4,14.6,14.03,14.35,"11,654,120"
2023-01-13,14.32,14.61,14.15,14.49,"12,249,550"
2023-01-12,14.1,14.58,13.77,14.55,"13,261,540"
2023-01-11,13.26,13.95,13.21,13.84,"20,206,590"
2023-01-10,12.6,13.37,12.6,13.31,"14,149,970"
2023-01-09,12.24,13.27,12.15,12.7,"22,063,029"
2023-01-06,11.42,12.01,11.12,11.94,"11,954,510"
2023-01-05,11.39,11.57,11.06,11.36,"7,601,485"
2023-01-04,11.31,11.5,11.13,11.49,"11,343,430"
2023-01-03,11.3,11.43,10.97,11.12,"8,644,073"
2022-12-30,10.58,11.27,10.56,11.02,"11,302,830"
2022-12-29,10.27,10.87,10.06,10.85,"10,395,300"
2022-12-28,9.84,10.25,9.66,10.12,"9,531,289"
2022-12-27,10.05,10.09,9.72,9.87,"9,661,162"
2022-12-23,10.07,10.23,9.83,10.21,"7,836,661"
2022-12-22,10.33,10.36,9.84,10.1,"12,757,330"
2022-12-21,10.59,10.71,10.39,10.48,"9,699,461"
2022-12-20,10.25,10.47,10.15,10.36,"10,131,190"
2022-12-19,11.11,11.15,10.26,10.32,"12,151,570"
2022-12-16,11.25,11.48,10.98,11.09,"20,147,270"
2022-12-15,11.6,11.77,11.23,11.35,"12,223,450"
2022-12-14,11.66,12.14,11.49,11.89,"13,563,250"
2022-12-13,12.09,12.54,11.56,11.6,"18,781,520"
2022-12-12,10.9,11.55,10.75,11.51,"20,538,090"
2022-12-09,10.6,11.1,10.44,10.95,"12,491,280"
2022-12-08,10.37,10.72,10.26,10.64,"10,387,750"
2022-12-07,10.34,10.37,10.09,10.32,"10,740,520"
2022-12-06,10.78,10.96,10.31,10.41,"15,257,640"
2022-12-05,11.1,11.59,10.71,10.78,"13,843,690"
2022-12-02,10.91,11.12,10.71,11.1,"10,285,520"
2022-12-01,11.27,11.58,11.06,11.2,"10,777,360"
2022-11-30,10.72,11.25,10.48,11.22,"31,346,900"
2022-11-29,10.81,11.15,10.59,10.76,"13,346,770"
2022-11-28,10.97,11.09,10.69,10.7,"11,014,560"
2022-11-25,11.09,11.17,10.9,11.14,"4,981,945"
2022-11-23,11.02,11.39,10.72,11.31,"16,125,450"
2022-11-22,10.8,11.06,10.43,11.05,"15,220,170"
2022-11-21,11.05,11.1,10.74,11.05,"15,313,970"
2022-11-18,11.55,11.6,11.07,11.21,"10,511,100"
2022-11-17,11.71,11.73,11.27,11.35,"14,255,640"
2022-11-16,12.79,12.79,11.91,11.97,"16,593,480"
2022-11-15,13.55,13.74,13.01,13.07,"16,226,030"
2022-11-14,12.54,13.25,12.47,12.95,"15,062,130"
2022-11-11,11.19,12.79,11.14,12.7,"26,140,461"
2022-11-10,11.24,11.5,10.91,11.28,"31,008,430"
2022-11-09,10.76,11.1,10.6,10.64,"28,137,090"
2022-11-08,11.94,12.19,10.62,10.9,"80,955,320"
2022-11-07,14.12,14.26,13.2,14.14,"27,568,680"
2022-11-04,13.98,14.15,13.17,13.74,"11,873,360"
2022-11-03,13.78,14.22,13.43,13.72,"14,173,940"
2022-11-02,14.98,15.26,13.97,14.0,"12,427,760"
2022-11-01,15.96,16.4,15.12,15.15,"20,388,020"
2022-10-31,14.53,15.03,14.33,14.64,"11,139,950"
2022-10-28,14.55,14.77,14.09,14.52,"10,749,020"
2022-10-27,14.75,15.04,14.44,14.63,"7,604,938"
2022-10-26,14.69,15.16,14.4,14.76,"9,443,269"
2022-10-25,13.97,15.04,13.9,14.81,"14,506,500"
2022-10-24,13.47,13.91,13.23,13.9,"10,128,120"
2022-10-21,13.12,13.64,12.91,13.56,"10,990,840"
2022-10-20,12.91,13.94,12.91,13.31,"11,105,130"
2022-10-19,13.03,13.55,12.92,13.02,"14,397,120"
2022-10-18,13.3,13.54,13.0,13.29,"12,383,730"
2022-10-17,12.15,12.7,12.09,12.66,"14,033,040"
2022-10-14,12.21,12.4,11.74,11.77,"9,552,854"
2022-10-13,11.35,12.24,11.21,11.99,"13,878,400"
2022-10-12,11.62,12.15,11.5,11.9,"19,996,109"
2022-10-11,12.19,12.3,10.83,11.27,"39,753,078"
2022-10-10,12.81,13.01,12.36,12.81,"11,877,950"
2022-10-07,13.02,13.1,12.33,12.51,"16,712,740"
2022-10-06,13.76,14.23,13.43,13.7,"9,195,149"
2022-10-05,13.31,13.92,13.22,13.75,"9,669,084"
2022-10-04,13.41,13.89,13.41,13.8,"15,195,590"
2022-10-03,13.19,13.22,12.47,12.95,"14,537,950"
2022-09-30,13.41,13.81,13.13,13.17,"9,049,184"
2022-09-29,14.14,14.26,13.05,13.48,"16,708,670"
2022-09-28,14.03,14.62,13.8,14.5,"14,729,810"
2022-09-27,13.89,14.35,13.74,14.16,"11,694,180"
2022-09-27,13.89,14.35,13.74,14.16,"11,694,180"
2022-09-26,13.5,13.99,13.41,13.52,"17,830,650"
2022-09-23,14.25,14.4,13.7,13.99,"15,249,210"
2022-09-22,15.75,15.91,14.66,14.69,"18,091,051"
2022-09-21,16.84,16.88,15.8,15.94,"14,774,690"
2022-09-20,16.03,17.44,16.02,16.87,"17,465,600"
2022-09-19,16.13,16.39,15.92,16.24,"13,940,650"
2022-09-16,16.27,16.57,16.02,16.27,"13,725,190"
2022-09-15,17.0,18.09,16.87,16.99,"11,553,900"
2022-09-14,16.81,17.13,16.32,17.11,"11,469,940"
2022-09-13,17.38,17.77,16.79,16.88,"13,112,910"
2022-09-12,18.18,18.58,17.86,18.19,"15,246,230"
2022-09-09,17.1,18.36,17.07,18.11,"26,701,789"
2022-09-08,14.51,17.21,14.26,17.17,"42,151,500"
2022-09-07,13.9,14.76,13.88,14.69,"8,675,512"
2022-09-06,14.68,14.69,13.77,13.97,"9,940,269"
2022-09-02,14.91,15.03,14.34,14.6,"7,850,123"
2022-09-01,14.45,14.68,13.71,14.67,"11,527,330"
2022-08-31,15.0,15.34,14.66,14.73,"10,569,620"
2022-08-30,15.02,15.13,14.47,14.72,"9,975,223"
2022-08-29,14.78,15.26,14.71,14.73,"7,966,347"
2022-08-26,15.78,16.0,14.88,14.97,"10,281,370"
2022-08-25,15.55,15.92,15.36,15.84,"7,546,720"
2022-08-24,15.23,15.92,15.16,15.39,"9,291,043"
2022-08-23,15.65,15.8,15.32,15.35,"8,054,928"
2022-08-22,16.26,16.43,15.18,15.52,"17,169,930"
2022-08-19,17.27,17.37,16.57,16.65,"10,492,140"
2022-08-18,17.98,18.02,17.58,17.6,"6,607,766"
2022-08-17,18.8,18.93,17.8,17.97,"14,805,400"
2022-08-16,19.12,19.73,18.68,19.34,"9,512,596"
2022-08-15,19.11,19.85,18.86,19.29,"7,992,279"
2022-08-12,19.18,19.43,18.58,19.4,"11,344,590"
2022-08-11,19.81,20.55,18.88,18.9,"12,045,290"
2022-08-10,19.7,20.13,19.15,19.4,"15,119,350"
2022-08-09,19.38,19.63,18.66,18.67,"14,189,940"
2022-08-08,20.06,21.52,19.78,19.83,"23,531,730"
2022-08-05,18.21,20.35,17.92,20.28,"47,487,020"
2022-08-04,16.74,17.46,16.74,17.39,"27,582,430"
2022-08-03,16.35,16.93,16.24,16.71,"23,366,320"
2022-08-02,15.25,16.22,15.15,16.16,"29,803,840"
2022-08-01,13.64,14.14,13.17,13.9,"12,540,900"
2022-07-29,13.7,13.89,13.19,13.86,"11,762,930"
2022-07-28,13.33,13.89,13.05,13.88,"11,858,950"
2022-07-27,12.83,13.38,12.52,13.31,"10,838,910"
2022-07-26,13.07,13.11,12.47,12.53,"10,823,940"
2022-07-25,13.52,13.53,13.02,13.31,"7,563,999"
2022-07-22,14.32,14.47,13.46,13.54,"8,055,070"
2022-07-21,14.39,14.53,13.99,14.17,"10,305,110"
2022-07-20,13.79,14.81,13.79,14.7,"14,194,710"
2022-07-19,13.52,13.83,13.3,13.66,"9,009,272"
2022-07-18,13.21,13.99,13.17,13.41,"15,972,980"
2022-07-15,12.31,13.03,12.14,12.94,"13,497,050"
2022-07-14,12.3,12.48,12.02,12.09,"11,913,200"
2022-07-13,12.24,12.6,11.96,12.51,"10,535,320"
2022-07-12,12.35,12.78,12.35,12.61,"12,376,480"
2022-07-11,13.18,13.39,12.34,12.36,"17,430,570"
2022-07-08,13.67,13.82,13.05,13.4,"16,036,180"
2022-07-07,13.29,13.81,13.17,13.76,"19,296,820"
2022-07-06,13.78,13.93,13.14,13.22,"16,466,891"
2022-07-05,13.13,14.03,12.79,14.0,"13,059,720"
2022-07-01,13.38,13.7,13.13,13.48,"9,734,253"
2022-06-30,13.78,13.86,13.06,13.28,"11,812,440"
2022-06-29,14.58,14.58,13.85,14.03,"12,088,030"
2022-06-28,15.95,16.16,14.6,14.61,"15,586,980"
2022-06-27,16.49,16.73,15.78,15.89,"8,555,847"
2022-06-24,15.81,16.54,15.74,16.34,"12,218,480"
2022-06-23,14.85,15.95,14.57,15.88,"10,774,910"
2022-06-22,14.43,15.34,14.38,14.83,"7,723,063"
2022-06-21,15.24,15.5,14.64,14.67,"10,831,780"
2022-06-17,14.01,14.94,13.96,14.89,"13,349,510"
2022-06-16,14.65,14.9,13.73,13.88,"9,558,862"
2022-06-15,14.33,15.43,14.32,15.16,"14,019,180"
2022-06-14,14.54,14.64,13.92,14.16,"9,608,467"
2022-06-13,15.08,15.24,14.18,14.29,"13,251,900"
2022-06-10,16.58,16.96,15.75,15.77,"10,779,760"
2022-06-09,17.39,17.87,16.91,16.94,"9,674,779"
2022-06-08,17.25,17.8,17.21,17.63,"13,225,300"
2022-06-07,16.9,17.43,16.77,17.21,"7,785,113"
2022-06-06,17.78,17.91,16.77,17.16,"10,924,280"
2022-06-03,17.97,18.1,17.31,17.4,"8,264,011"
2022-06-02,17.01,18.47,17.0,18.37,"9,382,995"
2022-06-01,17.63,17.98,16.98,17.06,"10,384,680"
2022-05-31,17.68,18.31,17.36,17.68,"11,197,910"
2022-05-27,17.96,18.24,17.68,17.77,"11,974,690"
2022-05-26,16.8,17.8,16.61,17.68,"14,710,200"
2022-05-25,16.77,17.15,16.33,16.65,"16,228,460"
2022-05-24,19.75,19.79,16.57,16.72,"18,054,641"
2022-05-23,19.2,20.24,18.68,20.21,"11,299,770"
2022-05-20,19.48,19.56,18.03,19.07,"12,774,460"
2022-05-19,18.21,19.57,18.17,19.29,"11,638,030"
2022-05-18,19.53,19.69,18.12,18.15,"13,838,330"
2022-05-17,19.51,20.18,19.13,19.72,"10,205,880"
2022-05-16,19.85,20.03,19.12,19.14,"9,447,566"
2022-05-13,18.86,20.18,18.86,20.0,"12,841,800"
2022-05-12,17.27,19.01,17.24,18.59,"16,174,780"
2022-05-11,18.95,19.37,17.52,17.72,"21,542,391"
2022-05-10,18.95,19.63,18.2,19.0,"21,736,760"
2022-05-09,19.85,20.64,18.4,18.61,"22,056,840"
2022-05-06,21.71,21.72,19.59,20.51,"28,942,160"
2022-05-05,21.6,22.82,21.21,22.03,"43,122,289"
2022-05-04,22.27,22.46,20.02,21.56,"112,518,797"
2022-05-03,31.39,31.65,30.06,30.76,"24,562,270"
2022-05-02,32.26,32.53,29.93,31.5,"11,738,220"
2022-04-29,33.26,34.36,32.56,32.6,"4,723,052"
2022-04-28,32.9,33.83,31.88,33.56,"4,543,943"
2022-04-27,32.07,33.0,31.52,32.23,"4,988,953"
2022-04-26,33.36,33.74,32.4,32.45,"4,226,718"
2022-04-25,32.85,34.12,32.71,33.91,"5,292,731"
2022-04-22,34.14,34.57,32.87,33.16,"3,653,164"
2022-04-21,36.59,36.92,33.97,34.11,"6,109,212"
2022-04-20,36.5,36.79,35.61,35.7,"3,289,277"
2022-04-19,34.96,36.43,34.86,36.31,"3,967,141"
2022-04-18,35.29,35.65,34.39,34.61,"3,040,980"
2022-04-14,35.06,36.1,34.77,35.54,"5,632,509"
2022-04-13,33.56,34.94,33.4,34.8,"4,059,210"
2022-04-12,33.62,34.39,33.13,33.45,"3,880,504"
2022-04-11,32.93,34.03,32.35,33.32,"4,052,398"
2022-04-08,34.2,34.5,33.37,33.59,"4,705,346"
2022-04-07,36.09,36.22,33.6,34.61,"6,403,826"
2022-04-06,36.38,36.51,34.89,36.08,"6,662,448"
2022-04-05,38.98,39.13,37.03,37.15,"4,198,666"
2022-04-04,37.93,39.31,37.66,38.96,"3,529,270"
2022-04-01,38.4,38.9,37.24,37.52,"4,260,473"
2022-03-31,38.8,38.96,37.63,38.4,"4,736,202"
2022-03-30,39.75,40.0,38.22,38.65,"3,777,239"
2022-03-29,38.04,40.46,38.04,40.16,"7,119,020"
2022-03-28,37.54,37.83,36.5,37.59,"4,280,209"
2022-03-25,39.0,39.0,37.21,37.51,"3,394,168"
2022-03-24,38.43,39.02,37.12,38.98,"4,886,426"
2022-03-23,37.98,38.74,37.53,38.43,"5,153,996"
2022-03-22,37.14,38.61,36.87,38.25,"4,818,504"
2022-03-21,37.91,38.0,36.22,36.85,"5,596,660"
2022-03-18,37.61,38.68,37.53,38.62,"5,561,984"
2022-03-17,37.85,37.91,36.62,37.79,"4,810,789"
2022-03-16,36.76,37.9,36.21,37.86,"6,779,334"
2022-03-15,35.75,36.98,34.96,35.74,"6,629,451"
2022-03-14,37.06,37.08,35.08,35.39,"5,478,618"
2022-03-11,38.07,38.39,37.18,37.25,"2,798,829"
2022-03-10,36.83,37.95,36.61,37.63,"3,869,204"
2022-03-09,38.01,39.43,37.47,37.8,"7,336,415"
2022-03-08,34.4,37.74,34.13,36.54,"8,070,922"
2022-03-07,36.92,38.07,34.44,34.48,"8,673,478"
2022-03-04,36.46,37.08,34.7,35.28,"7,623,193"
2022-03-03,38.94,39.4,36.57,36.98,"4,315,956"
2022-03-02,38.05,39.07,37.46,38.93,"4,479,222"
2022-03-01,38.51,38.61,36.52,37.68,"5,937,384"
2022-02-28,38.15,39.43,37.92,38.94,"6,901,423"
2022-02-25,39.15,39.2,37.64,38.61,"6,208,503"
2022-02-24,34.82,38.81,34.58,38.77,"8,756,599"
2022-02-23,39.24,39.59,37.29,37.43,"5,046,039"
2022-02-22,40.84,41.38,37.82,38.88,"9,340,663"
2022-02-18,42.9,43.11,41.04,41.26,"5,786,862"
2022-02-17,43.16,43.96,42.37,42.9,"4,367,361"
2022-02-16,43.01,44.5,42.81,43.82,"7,198,396"
2022-02-15,41.0,43.52,40.73,43.5,"6,473,986"
2022-02-14,39.98,40.99,39.42,39.99,"5,718,588"
2022-02-11,42.15,42.56,38.94,39.99,"10,544,610"
2022-02-10,43.6,45.65,41.71,42.1,"24,087,939"
2022-02-09,40.29,44.17,38.8,44.0,"25,765,770"
2022-02-08,38.73,41.4,38.3,41.2,"20,228,359"
2022-02-07,37.84,40.15,37.84,39.1,"7,371,527"
2022-02-04,36.52,38.05,36.27,37.68,"4,288,964"
2022-02-03,37.67,37.98,36.23,36.36,"4,777,131"
2022-02-02,39.58,39.59,38.04,38.44,"3,970,730"
2022-02-01,39.04,39.53,38.15,39.42,"4,596,398"
2022-01-31,35.59,38.61,35.58,38.52,"6,836,149"
2022-01-28,34.8,35.8,33.94,35.75,"5,044,112"
2022-01-27,36.19,36.4,34.84,34.93,"6,314,531"
2022-01-26,37.17,38.17,35.6,35.68,"7,512,292"
2022-01-25,36.07,37.08,35.42,36.22,"6,959,254"
2022-01-24,35.88,37.22,34.48,37.13,"7,782,175"
2022-01-21,36.71,37.59,35.8,36.8,"8,478,082"
2022-01-20,36.97,39.93,36.92,37.6,"8,194,329"
2022-01-19,38.5,38.83,36.83,36.91,"6,943,266"
2022-01-18,40.89,40.94,38.4,38.43,"6,916,542"
2022-01-14,42.21,42.6,40.71,41.26,"5,620,903"
2022-01-13,42.68,43.43,42.13,42.6,"5,607,128"
2022-01-12,44.39,44.4,42.3,42.38,"7,169,657"
2022-01-11,43.78,45.81,43.58,44.5,"6,345,936"
2022-01-10,42.96,44.22,41.61,44.13,"5,061,814"
2022-01-07,42.7,44.24,42.5,43.1,"5,570,201"
2022-01-06,44.13,44.98,42.59,43.6,"4,787,706"
2022-01-05,44.9,46.64,43.49,43.59,"5,505,320"
2022-01-04,44.66,45.28,43.69,44.95,"5,650,480"
2022-01-03,43.39,44.96,42.62,44.59,"4,975,732"
2021-12-31,43.32,44.09,42.64,42.73,"3,235,341"
2021-12-30,42.54,44.35,42.54,43.49,"3,436,750"
2021-12-29,43.43,43.62,42.2,43.24,"3,147,244"
2021-12-28,43.78,44.66,43.04,43.52,"3,402,721"
2021-12-27,43.94,44.57,43.22,44.03,"3,969,849"
2021-12-23,43.07,44.61,42.99,44.18,"6,242,345"
2021-12-22,40.8,42.71,40.73,42.46,"6,219,362"
2021-12-21,39.03,41.06,38.92,40.91,"5,947,847"
2021-12-20,37.52,39.12,36.71,38.62,"4,874,991"
2021-12-17,37.18,38.53,36.25,38.07,"8,219,028"
2021-12-16,38.81,39.22,37.19,37.46,"4,403,035"
2021-12-15,38.89,39.25,37.32,38.42,"7,238,656"
2021-12-14,38.26,40.91,38.07,38.98,"10,123,190"
2021-12-13,39.0,39.25,37.71,38.41,"7,789,150"
2021-12-10,41.08,41.4,39.04,39.51,"5,170,798"
2021-12-09,41.71,42.24,40.7,40.76,"4,556,694"
2021-12-08,42.0,43.06,41.41,42.21,"5,472,562"
2021-12-07,42.88,43.83,41.17,41.41,"7,955,997"
2021-12-06,39.71,42.6,38.95,41.95,"7,735,011"
2021-12-03,40.9,41.05,38.26,39.47,"7,656,699"
2021-12-02,39.3,41.39,38.42,41.15,"10,766,420"
2021-12-01,41.74,41.95,37.97,38.22,"8,282,598"
2021-11-30,41.24,41.8,39.03,40.61,"10,057,190"
2021-11-29,43.0,43.62,40.83,41.82,"6,633,445"
2021-11-26,41.68,42.58,40.41,42.4,"7,584,295"
2021-11-24,44.56,44.8,43.3,44.52,"5,861,731"
2021-11-23,45.39,46.48,44.53,45.67,"5,098,292"
2021-11-22,47.29,47.41,43.7,45.48,"9,108,637"
2021-11-19,48.8,48.8,47.29,47.51,"4,665,560"
2021-11-18,49.7,49.7,48.12,49.29,"3,647,705"
2021-11-17,50.77,51.15,49.09,49.71,"4,381,670"
2021-11-16,52.11,52.69,51.24,51.28,"3,559,062"
2021-11-15,53.0,53.59,50.98,51.66,"4,385,898"
2021-11-12,53.39,53.47,52.28,52.96,"3,768,562"
2021-11-11,54.84,54.96,52.84,53.18,"5,164,137"
2021-11-10,55.43,57.68,53.84,54.6,"8,000,938"
2021-11-09,55.19,56.3,54.08,56.26,"6,751,993"
2021-11-08,53.98,56.38,53.61,55.24,"7,768,790"
2021-11-05,51.15,54.0,51.15,53.55,"13,542,030"
2021-11-04,49.24,50.61,48.21,49.14,"6,775,942"
2021-11-03,51.55,52.08,48.35,49.03,"20,734,539"
2021-11-02,46.69,46.82,44.05,45.32,"14,019,560"
2021-11-01,45.77,46.5,45.02,46.4,"5,748,634"
2021-10-29,46.84,47.15,45.51,45.87,"4,136,989"
2021-10-28,46.86,47.41,46.36,46.92,"3,298,409"
2021-10-27,47.8,48.24,46.48,46.72,"4,622,241"
2021-10-26,48.77,49.39,47.42,47.54,"3,616,493"
2021-10-25,48.34,49.14,47.76,48.12,"2,914,371"
2021-10-22,49.1,49.32,48.07,48.32,"2,983,719"
2021-10-21,49.45,50.69,49.36,49.57,"3,885,521"
2021-10-20,50.07,50.78,49.3,49.41,"3,245,889"
2021-10-19,50.69,50.73,49.43,50.04,"4,930,542"
2021-10-18,50.76,51.41,50.46,50.47,"3,437,775"
2021-10-15,50.9,52.75,50.05,51.58,"6,396,854"
2021-10-14,53.24,53.26,50.28,50.51,"9,126,991"
2021-10-13,52.52,53.45,51.92,53.24,"2,885,039"
2021-10-12,53.0,53.19,52.15,52.55,"2,978,711"
2021-10-11,54.79,54.91,52.8,52.8,"2,971,110"
2021-10-08,55.02,56.61,54.31,54.89,"3,234,734"
2021-10-07,54.56,56.1,54.17,54.7,"3,813,861"
2021-10-06,52.59,54.4,52.29,54.16,"3,466,312"
2021-10-05,53.93,54.26,52.89,52.92,"2,881,182"
2021-10-04,54.41,54.91,52.8,53.68,"3,905,515"
2021-10-01,54.4,55.76,53.87,55.48,"4,369,486"
2021-09-30,53.22,53.95,52.33,53.59,"3,454,658"
2021-09-29,54.94,54.94,53.19,53.32,"3,162,822"
2021-09-28,55.7,56.02,54.01,54.18,"2,757,790"
2021-09-27,55.78,56.7,55.49,55.98,"3,253,918"
2021-09-27,55.78,56.7,55.49,55.98,"3,253,918"
2021-09-24,55.07,56.16,55.01,55.86,"3,322,438"
2021-09-23,55.42,56.14,54.81,55.64,"5,155,051"
2021-09-22,54.96,55.77,54.51,54.69,"4,971,998"
2021-09-21,52.65,55.02,52.14,54.45,"8,427,148"
2021-09-20,50.43,52.08,50.3,51.12,"4,322,717"
2021-09-17,52.77,53.09,51.62,52.18,"5,396,481"
2021-09-16,50.75,52.47,50.58,52.39,"4,322,800"
2021-09-15,50.85,51.2,50.01,51.01,"3,506,292"
2021-09-14,51.59,52.21,50.08,50.53,"5,012,665"
2021-09-13,50.95,52.55,49.48,51.84,"4,018,670"
2021-09-10,51.19,51.7,49.98,50.01,"3,333,190"
2021-09-09,49.47,51.12,49.3,50.51,"3,236,332"
2021-09-08,50.48,51.24,49.03,49.81,"3,456,417"
2021-09-07,48.58,50.83,48.45,50.59,"6,127,327"
2021-09-03,49.19,49.19,47.73,48.21,"3,750,636"
2021-09-02,49.0,49.97,48.2,49.3,"3,809,374"
2021-09-01,48.0,49.59,47.84,48.37,"4,550,301"
2021-08-31,47.16,48.1,47.13,47.61,"5,075,580"
2021-08-30,48.43,48.71,46.92,47.13,"4,307,026"
2021-08-27,48.12,49.25,48.12,48.39,"2,766,947"
2021-08-26,49.36,50.45,48.16,48.6,"3,069,763"
2021-08-25,47.88,49.56,46.86,49.43,"5,597,714"
2021-08-24,47.42,48.27,47.3,47.67,"7,341,462"
2021-08-23,44.49,47.25,44.06,47.24,"9,545,839"
2021-08-20,46.34,46.49,44.77,45.89,"11,142,080"
2021-08-19,49.2,49.3,46.35,46.79,"7,034,374"
2021-08-18,49.16,50.61,48.89,49.58,"3,198,240"
2021-08-17,50.05,50.5,48.19,49.11,"5,530,123"
2021-08-16,52.58,52.58,50.37,50.83,"4,137,178"
2021-08-13,53.91,54.15,52.94,53.39,"2,776,816"
2021-08-12,54.61,54.82,53.02,53.82,"3,243,388"
2021-08-11,53.44,54.04,52.03,53.91,"4,266,756"
2021-08-10,52.58,54.04,52.53,53.85,"3,612,571"
2021-08-09,52.12,52.6,51.17,52.13,"3,872,213"
2021-08-06,52.51,53.6,52.22,52.44,"4,536,072"
2021-08-05,49.6,53.75,49.53,52.42,"10,310,810"
2021-08-04,54.04,54.27,49.44,49.53,"21,655,061"
2021-08-03,56.36,56.36,53.84,55.38,"9,309,645"
2021-08-02,54.97,57.76,54.76,56.0,"4,798,943"
2021-07-30,56.08,56.69,55.09,55.32,"2,842,344"
2021-07-29,55.3,57.53,54.81,56.74,"4,140,099"
2021-07-28,53.96,55.79,53.71,55.77,"4,639,107"
2021-07-27,53.74,53.99,52.2,53.32,"3,389,560"
2021-07-26,54.89,55.9,53.76,54.39,"3,894,413"
2021-07-23,55.66,55.73,54.47,54.9,"2,730,373"
2021-07-22,55.75,56.08,54.36,55.14,"4,418,870"
2021-07-21,53.0,56.12,52.94,55.77,"5,955,445"
2021-07-20,52.01,53.06,50.78,52.95,"5,018,860"
2021-07-19,52.06,52.18,50.54,51.72,"7,056,816"
2021-07-16,55.02,55.51,53.14,53.4,"4,546,581"
2021-07-15,55.86,56.13,54.22,54.73,"3,593,637"
2021-07-14,57.5,57.73,55.43,55.83,"4,103,761"
2021-07-13,57.73,58.12,56.8,57.07,"3,346,408"
2021-07-12,60.0,60.3,58.01,58.07,"3,104,411"
2021-07-09,59.22,60.21,58.56,60.06,"2,677,376"
2021-07-08,57.41,58.96,56.54,58.55,"4,062,446"
2021-07-07,61.73,61.88,58.03,58.75,"5,801,308"
2021-07-06,62.62,63.0,60.98,61.64,"4,470,658"
2021-07-02,62.0,63.07,61.61,62.79,"3,508,016"
2021-07-01,61.3,62.9,60.84,61.87,"5,425,095"
2021-06-30,59.66,61.38,59.66,60.48,"3,741,626"
2021-06-29,59.18,60.25,58.55,59.99,"3,530,886"
2021-06-28,61.5,61.56,58.59,58.73,"5,371,020"
2021-06-25,62.09,62.39,60.66,61.5,"10,442,790"
2021-06-24,61.25,61.97,60.17,61.78,"3,747,031"
2021-06-23,59.55,61.93,59.3,61.41,"4,918,462"
2021-06-22,59.38,59.68,58.04,59.06,"3,429,708"
2021-06-21,59.18,59.85,57.79,59.5,"4,559,520"
2021-06-18,58.8,59.61,57.7,58.48,"4,640,531"
2021-06-17,56.75,59.68,56.62,58.8,"5,242,545"
2021-06-16,57.83,57.96,56.04,56.97,"3,881,211"
2021-06-15,57.95,58.27,56.7,57.82,"4,098,580"
2021-06-14,56.3,60.3,56.2,58.41,"8,750,902"
2021-06-11,55.73,56.4,55.13,56.11,"3,654,329"
2021-06-10,56.13,56.2,54.54,55.66,"4,991,597"
2021-06-09,56.94,57.11,55.36,55.38,"4,140,768"
2021-06-08,58.91,59.05,56.35,56.74,"5,714,558"
2021-06-07,57.54,59.08,57.04,58.56,"4,535,427"
2021-06-04,56.65,57.52,56.46,57.4,"2,963,145"
2021-06-03,58.0,58.0,56.21,56.32,"4,581,276"
2021-06-02,58.7,59.12,57.66,58.46,"4,065,360"
2021-06-01,57.34,59.0,56.73,58.76,"6,700,947"
2021-05-28,55.29,57.39,55.22,57.09,"9,038,993"
2021-05-27,55.4,56.33,54.23,55.49,"19,935,240"
2021-05-26,53.1,55.07,52.81,54.92,"6,364,673"
2021-05-25,53.59,55.44,52.65,52.76,"6,658,575"
2021-05-24,52.42,54.0,51.98,53.31,"5,993,677"
2021-05-21,52.49,53.75,51.81,52.32,"4,842,069"
2021-05-20,52.73,52.89,50.51,51.96,"7,883,534"
2021-05-19,49.89,52.39,49.75,52.21,"5,218,184"
2021-05-18,51.11,53.16,51.04,51.51,"9,206,209"
2021-05-17,49.25,50.12,48.71,49.71,"4,210,194"
2021-05-14,47.11,50.19,46.97,49.65,"8,314,829"
2021-05-13,47.3,48.26,45.29,46.02,"9,573,469"
2021-05-12,48.87,49.77,46.34,46.89,"10,442,530"
2021-05-11,47.4,49.85,47.11,48.82,"6,907,052"
2021-05-10,51.27,51.68,48.71,49.16,"7,563,732"
2021-05-07,50.55,51.54,49.65,50.07,"7,766,061"
2021-05-06,50.63,51.27,48.71,49.8,"14,933,450"
2021-05-05,57.57,57.6,52.0,52.63,"25,071,250"
2021-05-04,56.19,56.49,53.48,56.19,"14,453,750"
2021-05-03,56.3,57.35,56.03,57.08,"6,547,399"
2021-04-30,56.06,58.06,55.25,55.66,"10,841,890"
2021-04-29,63.96,63.96,54.36,57.1,"27,085,859"
2021-04-28,62.24,64.08,61.03,63.4,"4,482,174"
2021-04-27,64.85,65.64,62.05,62.14,"9,832,696"
2021-04-26,63.98,64.8,62.95,63.06,"4,744,978"
2021-04-23,61.4,63.81,61.29,63.7,"4,372,237"
2021-04-22,60.76,62.52,59.91,61.0,"4,749,168"
2021-04-21,60.31,61.38,59.13,60.74,"5,305,452"
2021-04-20,61.73,62.04,58.8,60.8,"5,179,645"
2021-04-19,62.94,63.54,61.62,61.87,"3,871,578"
2021-04-16,64.47,64.87,63.14,63.4,"3,292,800"
2021-04-15,63.47,65.02,62.74,64.44,"5,304,899"
2021-04-14,62.34,64.99,62.29,62.8,"5,163,694"
2021-04-13,59.26,62.38,58.35,62.33,"5,672,912"
2021-04-12,61.26,62.25,59.03,59.85,"8,687,614"
2021-04-09,61.5,61.75,59.71,60.97,"7,642,825"
2021-04-08,61.11,62.14,60.52,62.01,"4,918,675"
2021-04-07,63.85,64.14,60.79,60.96,"6,128,920"
2021-04-06,64.53,65.35,64.12,64.24,"3,730,467"
2021-04-05,65.55,65.94,63.55,64.47,"4,202,317"
2021-04-01,63.45,64.69,62.07,64.64,"5,154,558"
2021-03-31,62.97,63.96,61.41,63.18,"5,822,091"
2021-03-30,63.61,63.94,62.33,63.05,"3,475,509"
2021-03-29,64.49,65.19,63.45,63.62,"3,171,787"
2021-03-26,64.72,65.42,63.35,64.51,"4,384,893"
2021-03-25,59.91,63.88,59.54,63.57,"4,677,139"
2021-03-24,62.37,63.75,60.89,60.97,"3,239,291"
2021-03-23,63.8,64.16,60.86,61.56,"5,399,100"
2021-03-22,66.68,66.97,63.96,64.16,"5,067,161"
2021-03-19,65.56,67.47,64.23,66.56,"6,036,278"
2021-03-18,66.43,68.28,65.52,66.08,"8,049,657"
2021-03-17,64.99,66.3,64.24,65.93,"5,639,651"
2021-03-16,67.34,67.78,63.94,64.69,"6,503,260"
2021-03-15,66.33,67.8,64.87,67.42,"8,148,844"
2021-03-12,62.49,66.9,61.73,66.37,"8,332,552"
2021-03-11,62.29,64.91,62.2,62.72,"5,778,632"
2021-03-10,62.68,63.9,61.14,61.31,"7,269,709"
2021-03-09,65.05,65.18,61.76,62.34,"8,113,404"
2021-03-08,65.34,65.95,63.78,64.31,"8,828,264"
2021-03-05,63.16,65.09,60.98,64.12,"14,017,620"
2021-03-04,61.5,63.26,59.44,61.87,"13,491,630"
2021-03-03,59.7,63.58,57.98,61.76,"23,938,811"
2021-03-02,57.51,58.16,56.72,57.06,"3,845,278"
2021-03-01,56.96,58.36,56.64,57.34,"4,097,484"
2021-02-26,55.74,57.19,54.86,55.7,"4,477,434"
2021-02-25,59.06,59.49,55.11,55.91,"7,030,255"
2021-02-24,57.64,59.66,56.69,59.13,"6,370,852"
2021-02-23,55.79,58.25,54.54,57.72,"5,851,741"
2021-02-22,58.14,59.47,56.7,56.82,"7,936,018"
2021-02-19,57.67,59.82,57.51,58.93,"9,237,991"
2021-02-18,57.0,58.32,56.45,57.07,"7,219,018"
2021-02-17,57.91,58.26,55.76,58.11,"4,477,693"
2021-02-16,58.15,58.92,57.38,58.46,"7,250,281"
2021-02-12,56.2,57.68,55.3,57.65,"6,414,901"
2021-02-11,55.76,57.6,55.4,57.07,"10,478,650"
2021-02-10,58.5,59.4,55.26,56.21,"20,503,859"
2021-02-09,52.94,54.79,52.7,53.64,"11,508,950"
2021-02-08,53.31,54.75,52.6,53.41,"5,472,949"
2021-02-05,52.25,53.54,52.14,53.12,"6,222,498"
2021-02-04,49.84,52.31,49.55,51.77,"6,853,179"
2021-02-03,47.89,49.74,47.21,49.41,"5,047,177"
2021-02-02,46.1,48.32,46.1,47.5,"7,043,252"
2021-02-01,45.56,45.83,44.75,45.51,"6,732,579"
2021-01-29,45.78,46.15,43.66,44.46,"5,631,201"
2021-01-28,44.75,46.86,44.33,46.22,"6,464,667"
2021-01-27,45.64,45.88,42.94,43.62,"8,946,350"
2021-01-26,47.47,48.79,46.76,46.9,"5,446,519"
2021-01-25,47.76,47.76,44.11,47.14,"7,314,397"
2021-01-22,47.81,48.05,47.01,47.81,"3,493,388"
2021-01-21,49.09,49.26,47.9,48.1,"4,422,360"
2021-01-20,49.28,50.25,48.53,48.94,"4,809,986"
2021-01-19,48.62,49.93,47.81,48.96,"6,293,048"
2021-01-15,48.63,49.03,47.55,47.88,"4,187,552"
2021-01-14,50.28,50.95,48.21,48.75,"4,646,633"
2021-01-13,50.14,51.24,49.14,49.78,"6,696,435"
2021-01-12,48.46,51.11,47.49,50.68,"14,871,340"
2021-01-11,46.62,48.86,46.06,48.37,"5,472,206"
2021-01-08,48.74,48.95,46.84,47.5,"5,068,318"
2021-01-07,48.09,49.27,48.09,48.84,"6,651,113"
2021-01-06,48.98,49.14,46.92,47.46,"7,678,750"
2021-01-05,47.02,49.24,46.6,48.85,"5,338,110"
2021-01-04,49.38,50.02,46.51,47.28,"6,214,704"
2020-12-31,50.26,50.3,49.05,49.13,"3,224,147"
2020-12-30,49.38,50.79,48.86,50.34,"5,569,884"
2020-12-29,49.51,50.23,48.74,49.25,"6,320,164"
2020-12-28,49.25,49.89,48.37,49.77,"3,321,445"
2020-12-24,50.02,50.07,48.69,48.86,"1,939,720"
2020-12-23,49.75,50.55,49.52,50.07,"5,988,417"
2020-12-22,50.11,50.18,48.93,49.51,"4,439,914"
2020-12-21,48.01,50.36,47.65,49.91,"7,660,237"
2020-12-18,49.43,50.15,48.55,49.98,"7,041,369"
2020-12-17,49.85,50.55,49.1,49.47,"5,987,336"
2020-12-16,49.3,50.37,49.3,49.91,"8,864,813"
2020-12-15,46.99,49.33,46.97,49.3,"6,935,738"
2020-12-14,47.62,48.4,46.63,46.77,"6,105,853"
2020-12-11,48.03,49.17,46.43,46.87,"7,040,718"
2020-12-10,46.65,48.65,45.81,48.11,"7,236,582"
2020-12-09,47.23,48.75,46.23,47.53,"11,669,120"
2020-12-08,46.04,47.9,46.04,46.52,"7,448,828"
2020-12-07,47.35,47.75,46.03,46.56,"8,608,152"
2020-12-04,43.4,46.14,43.4,46.1,"10,547,870"
2020-12-03,43.41,44.06,42.4,43.1,"8,617,031"
2020-12-02,39.03,43.86,38.2,43.4,"17,147,660"
2020-12-01,39.08,40.87,38.73,39.61,"6,965,954"
2020-11-30,38.79,39.35,37.63,38.17,"5,303,093"
2020-11-27,39.37,39.9,38.77,39.04,"3,664,810"
2020-11-25,39.0,39.6,38.2,39.52,"5,409,708"
2020-11-24,40.4,40.4,39.18,39.49,"9,086,239"
2020-11-23,38.54,39.95,38.44,39.35,"9,408,263"
2020-11-20,40.17,40.3,37.73,38.1,"12,382,210"
2020-11-19,39.6,40.75,39.12,40.11,"7,658,449"
2020-11-18,39.81,41.41,39.52,39.77,"8,909,538"
2020-11-17,38.86,40.44,38.72,39.42,"8,342,937"
2020-11-16,39.04,40.01,38.71,39.92,"12,649,090"
2020-11-13,36.75,37.75,35.97,37.54,"8,269,992"
2020-11-12,35.46,37.81,35.43,36.46,"13,335,080"
2020-11-11,37.29,38.9,35.86,36.41,"30,160,750"
2020-11-10,36.78,38.06,35.89,36.05,"22,041,740"
2020-11-09,35.0,37.98,34.96,37.69,"36,882,219"
2020-11-06,28.65,30.33,27.93,29.84,"16,028,360"
2020-11-05,29.09,29.75,28.72,29.03,"12,774,720"
2020-11-04,31.7,32.12,28.31,29.19,"60,939,039"
2020-11-03,24.91,26.6,24.86,26.23,"16,311,420"
2020-11-02,23.19,24.67,22.9,24.5,"12,181,720"
2020-10-30,22.82,23.43,22.4,22.83,"8,017,089"
2020-10-29,22.23,23.27,21.91,22.93,"7,482,593"
2020-10-28,22.44,22.62,21.34,22.23,"17,627,609"
2020-10-27,24.76,24.79,22.89,22.94,"15,308,000"
2020-10-26,25.68,26.02,24.68,24.84,"7,230,211"
2020-10-23,25.42,26.22,25.07,26.02,"8,124,624"
2020-10-22,24.8,25.7,24.7,25.58,"7,329,621"
2020-10-21,24.97,25.0,24.17,24.66,"10,514,080"
2020-10-20,24.96,25.63,24.55,25.13,"11,399,000"
2020-10-19,25.7,25.79,24.6,24.63,"9,830,241"
2020-10-16,25.83,25.83,25.21,25.53,"6,772,145"
2020-10-15,26.35,26.36,25.53,25.6,"9,010,537"
2020-10-14,26.5,26.96,26.16,26.75,"7,880,308"
2020-10-13,27.14,27.2,26.33,26.33,"8,732,139"
2020-10-12,27.92,27.92,26.93,27.24,"6,813,313"
2020-10-09,27.52,28.09,27.45,27.8,"6,724,340"
2020-10-08,26.47,27.59,26.37,27.21,"13,330,680"
2020-10-07,26.75,26.9,26.11,26.27,"10,848,630"
2020-10-06,27.08,27.37,26.24,26.41,"9,303,942"
2020-10-05,27.83,28.06,26.65,26.69,"10,741,000"
2020-10-02,26.9,27.94,26.75,27.63,"6,786,177"
2020-10-01,28.0,28.36,27.57,27.81,"7,132,281"
2020-09-30,27.36,28.11,27.34,27.55,"7,196,346"
2020-09-29,27.95,27.95,27.12,27.14,"5,942,523"
2020-09-28,28.14,28.45,27.72,28.05,"7,257,149"
2020-09-25,26.66,27.53,26.52,27.53,"5,470,436"
2020-09-24,26.86,27.47,26.51,26.77,"8,672,097"
2020-09-23,28.27,28.56,26.96,26.97,"6,471,837"
2020-09-22,29.17,29.17,28.0,28.31,"9,349,533"
2020-09-21,29.54,29.79,28.44,28.9,"9,288,304"
2020-09-18,31.24,31.29,30.19,30.59,"8,020,244"
2020-09-17,30.0,31.37,29.58,31.24,"9,536,665"
2020-09-16,30.16,31.1,30.16,30.7,"8,442,942"
2020-09-15,32.26,32.27,30.05,30.23,"14,197,180"
2020-09-14,30.83,32.16,30.83,31.97,"9,740,009"
2020-09-11,29.77,31.21,29.57,30.76,"9,865,736"
2020-09-10,30.21,31.2,29.33,29.51,"8,130,586"
2020-09-09,29.81,30.5,29.24,29.87,"8,865,178"
2020-09-08,28.23,30.95,28.04,30.1,"10,688,870"
2020-09-04,28.63,29.17,27.17,28.97,"7,066,382"
2020-09-03,28.78,29.35,28.04,28.56,"10,351,090"
2020-09-02,29.4,29.53,28.29,28.61,"9,083,391"
2020-09-01,29.53,29.87,28.93,29.43,"5,627,400"
2020-08-31,30.64,30.87,29.6,29.67,"4,815,233"
2020-08-28,29.99,30.82,29.71,30.77,"7,761,041"
2020-08-27,29.68,29.8,28.95,29.7,"6,494,514"
2020-08-26,29.0,29.94,28.9,29.52,"6,894,997"
2020-08-25,28.94,29.19,28.47,29.01,"5,067,485"
2020-08-24,29.05,29.27,28.25,28.98,"6,044,427"
2020-08-21,29.46,30.23,28.63,28.93,"12,728,280"
2020-08-20,27.8,30.91,25.74,29.76,"56,019,020"
2020-08-19,27.73,28.7,27.72,28.14,"7,487,651"
2020-08-18,27.15,28.03,26.96,27.94,"11,469,820"
2020-08-17,28.36,28.42,26.52,27.17,"14,004,380"
2020-08-14,28.55,28.98,28.07,28.51,"9,606,488"
2020-08-13,29.69,29.88,28.73,28.88,"18,662,660"
2020-08-12,30.99,31.62,30.35,30.52,"12,517,750"
2020-08-11,30.72,31.45,30.43,30.65,"9,798,205"
2020-08-10,30.27,31.6,29.53,31.05,"11,740,930"
2020-08-07,31.14,31.14,29.51,30.19,"11,184,580"
2020-08-06,30.73,32.78,30.69,32.34,"7,581,204"
2020-08-05,30.75,31.03,30.26,30.89,"4,289,981"
2020-08-04,29.0,30.58,28.95,30.5,"7,333,156"
2020-08-03,29.25,29.36,28.66,29.09,"4,205,526"
2020-07-31,29.7,29.81,28.68,29.23,"5,468,082"
2020-07-30,29.34,29.55,28.69,29.48,"5,664,811"
2020-07-29,29.74,30.13,29.44,29.89,"3,932,386"
2020-07-28,29.7,30.05,29.35,29.49,"4,018,684"
2020-07-27,30.56,30.69,29.44,29.89,"4,445,867"
2020-07-24,30.5,30.61,29.09,30.42,"7,728,403"
2020-07-23,30.61,31.68,30.26,30.86,"6,052,393"
2020-07-22,30.16,30.93,30.05,30.84,"5,087,205"
2020-07-21,30.84,31.27,30.18,30.49,"5,492,451"
2020-07-20,29.56,30.64,29.21,30.57,"5,673,860"
2020-07-17,29.59,30.15,29.11,29.73,"5,232,447"
2020-07-16,30.14,30.18,28.78,29.58,"7,299,515"
2020-07-15,28.88,30.83,28.79,30.78,"11,125,430"
2020-07-14,28.41,28.42,27.51,27.92,"9,524,265"
2020-07-13,30.86,31.2,28.68,28.81,"9,037,096"
2020-07-10,30.05,30.86,29.36,30.7,"6,055,842"
2020-07-09,32.14,32.16,29.62,29.84,"9,671,621"
2020-07-08,31.07,32.34,30.71,32.18,"7,687,853"
2020-07-07,32.76,32.9,30.86,30.94,"9,092,905"
2020-07-06,32.84,33.5,32.05,33.22,"8,338,885"
2020-07-02,32.72,33.39,31.68,31.82,"6,162,505"
2020-07-01,33.21,33.67,31.83,32.0,"6,358,876"
2020-06-30,32.77,33.34,32.22,33.01,"5,410,046"
2020-06-29,32.34,33.38,31.04,33.06,"6,745,821"
2020-06-26,32.87,33.17,31.83,32.27,"11,900,850"
2020-06-25,32.34,33.42,31.93,33.19,"9,310,015"
2020-06-24,35.08,35.34,32.74,32.8,"11,275,430"
2020-06-23,34.71,35.73,34.19,35.6,"7,034,399"
2020-06-22,34.8,34.93,32.95,34.25,"9,522,442"
2020-06-19,36.37,37.08,34.64,34.82,"8,550,564"
2020-06-18,35.05,36.05,34.8,35.83,"5,841,872"
2020-06-17,36.87,36.92,35.32,35.32,"6,225,859"
2020-06-16,38.1,38.38,36.42,36.71,"9,054,374"
2020-06-15,35.4,36.41,34.42,36.21,"19,446,131"
2020-06-12,37.25,37.49,35.95,36.89,"12,055,160"
2020-06-11,36.17,37.66,35.05,35.32,"12,443,640"
2020-06-10,39.41,39.61,37.6,38.56,"9,524,781"
2020-06-09,39.75,40.09,38.78,39.21,"7,989,434"
2020-06-08,39.93,41.19,39.23,40.98,"11,217,910"
2020-06-05,37.92,39.65,37.86,38.61,"12,285,350"
2020-06-04,34.71,36.75,34.1,36.08,"11,770,250"
2020-06-03,33.73,35.56,33.5,34.44,"16,778,369"
2020-06-02,32.8,33.01,31.5,31.68,"6,809,750"
2020-06-01,30.93,32.67,30.55,32.59,"8,371,174"
2020-05-29,31.46,32.04,30.62,31.26,"6,822,834"
2020-05-28,33.42,33.57,31.52,31.73,"6,820,290"
2020-05-27,32.95,33.89,31.39,33.75,"9,270,456"
2020-05-26,32.48,33.18,31.4,32.47,"9,085,053"
2020-05-22,30.31,31.27,29.57,31.26,"6,699,255"
2020-05-21,30.74,30.91,29.57,30.39,"6,281,273"
2020-05-20,31.4,31.95,30.08,30.82,"8,503,862"
2020-05-19,30.48,31.64,29.56,30.69,"8,398,895"
2020-05-18,29.87,31.08,29.39,30.43,"11,939,550"
2020-05-15,27.52,28.26,26.93,28.15,"6,881,154"
2020-05-14,27.7,27.97,26.13,27.72,"12,560,330"
2020-05-13,29.75,29.9,27.11,28.37,"15,032,450"
2020-05-12,31.09,32.08,29.35,29.53,"13,414,520"
2020-05-11,31.8,32.15,30.62,31.36,"12,014,650"
2020-05-08,32.23,33.56,32.23,32.73,"11,895,130"
2020-05-07,30.28,33.58,29.51,31.78,"34,466,312"
2020-05-06,26.49,26.67,25.19,26.12,"17,790,699"
2020-05-05,27.8,28.44,26.55,26.68,"10,336,210"
2020-05-04,28.78,29.0,26.27,27.03,"13,392,960"
2020-05-01,31.22,31.89,29.35,29.61,"7,339,084"
2020-04-30,33.45,34.37,32.42,32.83,"4,624,504"
2020-04-29,33.73,34.71,33.06,34.06,"6,245,220"
2020-04-28,35.0,35.11,32.42,32.74,"7,842,466"
2020-04-27,32.27,34.84,32.02,34.32,"9,839,346"
2020-04-24,30.51,31.99,29.83,31.96,"4,935,680"
2020-04-23,30.94,31.78,30.04,30.09,"5,174,191"
2020-04-22,29.8,30.85,29.12,30.7,"4,316,357"
2020-04-21,29.96,30.43,28.8,29.25,"5,669,952"
2020-04-20,28.2,30.3,28.01,30.1,"6,190,374"
2020-04-17,28.83,29.97,28.23,29.07,"8,437,428"
2020-04-16,28.45,28.7,27.02,27.14,"6,881,373"
2020-04-15,29.27,29.45,28.27,28.39,"6,825,228"
2020-04-14,31.23,32.18,29.74,30.5,"5,713,449"
2020-04-13,30.28,31.19,29.03,30.66,"6,697,422"
2020-04-09,30.28,32.3,29.81,30.33,"11,335,830"
2020-04-08,28.35,29.78,27.3,29.64,"8,914,395"
2020-04-07,28.12,29.76,26.36,27.5,"13,303,100"
2020-04-06,23.65,25.96,23.34,25.73,"9,502,510"
2020-04-03,22.44,23.03,20.84,22.0,"7,375,598"
2020-04-02,23.03,24.05,21.62,22.45,"11,528,170"
2020-04-01,25.6,26.11,23.38,23.5,"8,898,432"
2020-03-31,26.7,28.0,26.2,26.85,"5,773,195"
2020-03-30,26.81,28.39,25.3,26.92,"8,729,534"
2020-03-27,28.24,29.15,26.93,27.6,"10,169,000"
2020-03-26,28.56,30.67,27.95,29.94,"9,477,596"
2020-03-25,27.39,30.92,26.53,27.95,"14,107,700"
2020-03-24,24.58,27.42,23.49,27.06,"12,634,410"
2020-03-23,20.73,22.8,19.14,22.61,"10,885,140"
2020-03-20,22.38,24.86,20.75,21.27,"17,599,301"
2020-03-19,16.3,21.98,15.32,20.7,"20,139,160"
2020-03-18,17.16,17.87,14.56,16.05,"16,577,211"
2020-03-17,19.38,20.57,16.5,18.66,"18,864,770"
2020-03-16,20.2,21.4,18.81,19.12,"14,451,140"
2020-03-13,25.5,25.59,22.64,24.17,"12,494,960"
2020-03-12,24.37,26.4,23.87,23.88,"13,630,930"
2020-03-11,31.49,31.8,26.68,29.01,"19,867,100"
2020-03-10,34.15,34.64,30.61,32.89,"9,774,836"
2020-03-09,32.49,34.65,31.64,32.81,"8,987,182"
2020-03-06,35.99,37.98,35.46,36.02,"9,436,022"
2020-03-05,38.74,39.47,36.57,37.08,"11,190,290"
2020-03-04,38.12,41.3,37.44,40.27,"14,959,900"
2020-03-03,37.31,38.23,35.21,36.97,"10,440,860"
2020-03-02,38.49,38.49,36.1,36.91,"11,296,330"
2020-02-28,36.01,38.12,35.86,38.12,"9,374,775"
2020-02-27,37.62,39.5,35.0,37.78,"14,781,830"
2020-02-26,41.92,42.16,39.31,39.86,"12,109,980"
2020-02-25,43.34,44.18,41.6,41.82,"11,628,330"
2020-02-24,42.09,42.61,41.0,42.52,"11,644,570"
2020-02-21,45.23,45.56,44.53,44.7,"4,310,371"
2020-02-20,46.0,46.76,44.58,45.47,"8,489,073"
2020-02-19,45.26,46.33,44.44,46.24,"7,439,101"
2020-02-18,44.59,45.43,44.07,45.1,"8,409,989"
2020-02-14,47.12,47.15,44.68,44.69,"21,569,340"
2020-02-13,48.45,49.39,47.0,47.03,"15,660,170"
2020-02-12,51.25,51.3,48.42,48.46,"36,622,809"
2020-02-11,54.49,54.5,52.92,53.94,"20,414,420"
2020-02-10,50.82,53.92,50.33,53.72,"15,370,420"
2020-02-07,49.1,50.04,47.58,49.92,"12,516,250"
2020-02-06,48.45,48.67,46.83,47.42,"7,127,528"
2020-02-05,50.4,50.47,47.7,48.06,"6,061,882"
2020-02-04,48.5,50.96,48.11,50.0,"8,123,562"
2020-02-03,47.63,48.59,47.32,47.96,"2,661,724"
2020-01-31,47.41,47.67,46.48,47.48,"4,001,773"
2020-01-30,46.65,47.89,46.5,47.79,"3,100,567"
2020-01-29,47.97,48.64,46.36,46.84,"7,493,970"
2020-01-28,47.77,48.35,47.46,48.21,"2,876,597"
2020-01-27,46.83,47.65,46.13,47.36,"3,803,025"
2020-01-24,48.67,49.54,47.62,48.43,"5,475,051"
2020-01-23,47.48,48.92,47.1,48.48,"4,143,052"
2020-01-22,48.19,48.95,47.32,47.47,"4,134,736"
2020-01-21,46.5,48.77,46.36,47.98,"6,253,070"
2020-01-17,47.0,47.0,46.02,46.52,"3,498,653"
2020-01-16,47.55,47.55,46.11,46.83,"3,357,505"
2020-01-15,47.64,48.06,46.84,47.08,"3,179,866"
2020-01-14,46.36,48.0,46.26,47.68,"4,943,609"
2020-01-13,46.31,46.45,45.13,46.35,"3,802,127"
2020-01-10,45.59,46.24,45.36,46.06,"4,513,802"
2020-01-09,45.16,45.96,44.52,45.59,"4,652,046"
2020-01-08,44.14,45.74,43.87,45.08,"5,648,212"
2020-01-07,43.18,44.7,43.03,44.25,"4,812,470"
2020-01-06,42.79,43.81,42.38,43.1,"4,975,539"
2020-01-03,42.85,43.36,42.23,43.19,"4,408,882"
2020-01-02,43.22,44.07,43.17,43.58,"3,913,733"
2019-12-31,43.0,43.61,42.78,43.02,"5,500,860"
2019-12-30,45.6,45.67,43.05,43.5,"8,658,536"
2019-12-27,45.9,46.2,45.17,45.84,"4,455,302"
2019-12-26,45.7,45.81,45.01,45.73,"5,182,888"
2019-12-24,45.62,46.2,45.61,45.7,"2,512,008"
2019-12-23,47.91,48.0,45.26,45.54,"10,840,280"
2019-12-20,46.25,48.54,46.22,47.92,"16,997,680"
2019-12-19,46.79,47.0,46.02,46.28,"4,484,530"
2019-12-18,47.27,47.64,46.85,47.01,"3,581,020"
2019-12-17,48.24,48.25,47.22,47.5,"4,078,288"
2019-12-16,47.06,49.31,46.98,47.93,"9,099,903"
2019-12-13,46.74,47.67,46.6,46.75,"3,011,492"
2019-12-12,47.23,47.44,46.47,46.6,"4,695,753"
2019-12-11,45.37,47.55,45.28,47.36,"3,803,308"
2019-12-10,45.69,45.69,45.07,45.26,"2,890,324"
2019-12-09,45.2,46.09,44.88,45.42,"2,777,992"
2019-12-06,45.0,45.45,44.17,45.2,"5,046,558"
2019-12-05,47.09,47.18,44.05,45.07,"13,036,910"
2019-12-04,47.81,48.08,46.94,47.32,"3,145,351"
2019-12-03,46.55,47.56,46.08,47.51,"2,871,251"
2019-12-02,49.08,49.11,47.17,47.39,"4,386,549"
2019-11-29,49.0,49.69,48.65,48.98,"1,702,325"
2019-11-27,49.29,49.75,48.8,49.37,"3,046,670"
2019-11-26,48.49,49.79,48.17,49.0,"6,779,986"
2019-11-25,46.5,49.33,46.47,48.94,"9,661,657"
2019-11-22,46.7,47.2,46.23,46.46,"6,356,480"
2019-11-21,44.24,46.83,44.1,46.76,"10,860,230"
2019-11-20,44.0,44.54,42.77,43.95,"7,978,126"
2019-11-19,45.0,45.0,43.81,44.15,"3,752,021"
2019-11-18,43.29,45.36,42.8,44.86,"9,073,779"
2019-11-15,42.18,43.93,41.73,43.04,"7,836,669"
2019-11-14,42.83,42.91,40.65,41.92,"8,916,674"
2019-11-13,42.2,43.43,42.01,43.3,"4,028,280"
2019-11-12,42.74,43.45,42.2,42.33,"4,293,350"
2019-11-11,42.85,43.01,41.8,42.97,"3,843,314"
2019-11-08,43.23,43.38,42.53,43.23,"4,927,352"
2019-11-07,43.31,43.64,42.27,43.29,"6,052,308"
2019-11-06,40.6,43.28,40.48,42.92,"9,637,943"
2019-11-05,42.4,43.09,41.25,41.37,"6,636,643"
2019-11-04,43.0,43.8,42.37,42.83,"6,285,585"
2019-11-01,41.7,43.32,41.58,42.98,"7,496,924"
2019-10-31,45.63,45.82,41.16,41.44,"16,218,650"
2019-10-30,43.45,44.21,43.0,44.11,"8,745,840"
2019-10-29,44.25,44.25,43.04,43.68,"3,785,721"
2019-10-28,44.68,44.78,43.55,44.42,"4,614,623"
2019-10-25,43.71,44.68,43.38,44.54,"5,062,691"
2019-10-24,43.01,43.75,42.12,43.72,"4,107,584"
2019-10-23,43.67,44.19,42.88,43.08,"4,781,059"
2019-10-22,41.15,45.36,40.06,43.56,"19,559,850"
2019-10-21,41.25,41.67,40.57,40.88,"3,019,393"
2019-10-18,41.61,41.66,40.35,40.79,"5,569,818"
2019-10-17,40.53,42.07,40.21,41.67,"6,195,631"
2019-10-16,40.9,41.02,39.85,40.51,"4,506,318"
2019-10-15,39.8,41.18,39.65,41.08,"5,781,396"
2019-10-14,39.93,40.31,39.25,39.8,"4,580,904"
2019-10-11,37.9,39.92,37.9,39.49,"6,909,670"
2019-10-10,38.39,38.7,37.07,37.7,"7,320,788"
2019-10-09,38.7,38.75,38.01,38.2,"4,109,824"
2019-10-08,38.8,39.24,38.07,38.66,"3,319,331"
2019-10-07,39.55,40.13,39.11,39.24,"3,920,910"
2019-10-04,39.38,39.74,38.32,39.16,"3,681,240"
2019-10-03,38.44,39.66,38.01,39.52,"5,170,428"
2019-10-02,38.63,39.31,37.92,38.39,"7,871,145"
2019-10-01,40.82,40.96,38.68,39.57,"8,126,194"
2019-09-30,41.41,41.59,40.56,40.84,"3,923,036"
2019-09-27,42.89,42.9,40.86,41.35,"6,433,422"
